titulo,link,nivel,materia,fonte_nivel,canal,canal_id
🟢 Questão 136 - Caderno Azul | Estatística | MATEMÁTICA ENEM DIGITAL 2020,https://www.youtube.com/watch?v=ocOsGKmj1fU,Média,Estatística,confirmado_transcricao_ia,xequemat enem,UCNXVflJrlyP4DXm5KqYOxmA
🟢 Questão 137 - Caderno Azul | Porcentagem | MATEMÁTICA ENEM DIGITAL 2020,https://www.youtube.com/watch?v=exyhlb9US1Q,Fácil,Matemática Básica,confirmado_transcricao_ia,xequemat enem,UCNXVflJrlyP4DXm5KqYOxmA
🟢 Questão 138 - Caderno Azul | Porcentagem | MATEMÁTICA ENEM DIGITAL 2020,https://www.youtube.com/watch?v=kjhcpbwvmQI,Fácil,Matemática Básica,confirmado_transcricao_ia,xequemat enem,UCNXVflJrlyP4DXm5KqYOxmA
🟢 Questão 139 - Caderno Azul | Porcentagem | MATEMÁTICA ENEM DIGITAL 2020,https://www.youtube.com/watch?v=pj4eEkc7U7s,Fácil,Matemática Básica,confirmado_transcricao_ia,xequemat enem,UCNXVflJrlyP4DXm5KqYOxmA
🟢 Questão 140 - Caderno Azul | Análise Combinatória | MATEMÁTICA ENEM DIGITAL 2020,https://www.youtube.com/watch?v=GstWm7_TjaE,Difícil,Análise Combinatória,confirmado_transcricao_ia,xequemat enem,UCNXVflJrlyP4DXm5KqYOxmA
🟢 Questão 141 - Caderno Azul | Razão e Proporção | MATEMÁTICA ENEM DIGITAL 2020,https://www.youtube.com/watch?v=ecj1wreWZTA,Média,Razão e Proporção,confirmado_transcricao_ia,xequemat enem,UCNXVflJrlyP4DXm5KqYOxmA
🟢 Questão 142 - Caderno Azul | Sistemas de Equações | MATEMÁTICA ENEM DIGITAL 2020,https://www.youtube.com/watch?v=dpHevbMKqt0,Média,Sistema de Equações,confirmado_transcricao_ia,xequemat enem,UCNXVflJrlyP4DXm5KqYOxmA
🟢 Questão 143 - Caderno Azul | Razão e Proporção | MATEMÁTICA ENEM DIGITAL 2020,https://www.youtube.com/watch?v=wfff2m-HKd0,Fácil,Razão e Proporção,confirmado_transcricao_ia,xequemat enem,UCNXVflJrlyP4DXm5KqYOxmA
🟢 Questão 144 - Caderno Azul | Porcentagem | MATEMÁTICA ENEM DIGITAL 2020,https://www.youtube.com/watch?v=8Ovt6naAkSM,Média,Matemática Básica,confirmado_transcricao_ia,xequemat enem,UCNXVflJrlyP4DXm5KqYOxmA
🟢 Questão 145 - Caderno Azul | Unidades de Medida | MATEMÁTICA ENEM DIGITAL 2020,https://www.youtube.com/watch?v=2ADCCn9ThgI,Fácil,Matemática Básica,confirmado_transcricao_ia,xequemat enem,UCNXVflJrlyP4DXm5KqYOxmA
🟢 Questão 146 - Caderno Azul | Interpretação de Gráfico | MATEMÁTICA ENEM DIGITAL 2020,https://www.youtube.com/watch?v=eHBFJZnyR7c,Fácil,Matemática Básica,confirmado_transcricao_ia,xequemat enem,UCNXVflJrlyP4DXm5KqYOxmA
🟢 Questão 147 - Caderno Azul | Função do 1º Grau | MATEMÁTICA ENEM DIGITAL 2020,https://www.youtube.com/watch?v=KP1eNOfLjhs,Média,Funções,confirmado_transcricao_ia,xequemat enem,UCNXVflJrlyP4DXm5KqYOxmA
🟢 Questão 148 - Caderno Azul |  Porcentagem | MATEMÁTICA ENEM DIGITAL 2020,https://www.youtube.com/watch?v=rE73LPMzfMM,Média,Matemática Básica,confirmado_transcricao_ia,xequemat enem,UCNXVflJrlyP4DXm5KqYOxmA
🟢 Questão 149 - Caderno Azul | Escala | MATEMÁTICA ENEM DIGITAL 2020,https://www.youtube.com/watch?v=yboKAiMwxX4,Difícil,Escala,confirmado_transcricao_ia,xequemat enem,UCNXVflJrlyP4DXm5KqYOxmA
🟢 Questão 150 - Caderno Azul | Geometria Plana | MATEMÁTICA ENEM DIGITAL 2020,https://www.youtube.com/watch?v=7nbCHHqxEDI,Média,Geometria Plana,confirmado_transcricao_ia,xequemat enem,UCNXVflJrlyP4DXm5KqYOxmA
🟢 Questão 151 - Caderno Azul | Porcentagem | MATEMÁTICA ENEM DIGITAL 2020,https://www.youtube.com/watch?v=SnQM1ravxe8,Fácil,Matemática Básica,confirmado_transcricao_ia,xequemat enem,UCNXVflJrlyP4DXm5KqYOxmA
🟢 Questão 152 - Caderno Azul | Lógica | MATEMÁTICA ENEM DIGITAL 2020,https://www.youtube.com/watch?v=0QE8pYpeRJ0,Média,Matemática Básica,confirmado_transcricao_ia,xequemat enem,UCNXVflJrlyP4DXm5KqYOxmA
🟢 Questão 153 - Caderno Azul | Trigonometria | MATEMÁTICA ENEM DIGITAL 2020,https://www.youtube.com/watch?v=08_nVX3LETE,Média,Trigonometria,confirmado_transcricao_ia,xequemat enem,UCNXVflJrlyP4DXm5KqYOxmA
🟢 Questão 154 - Caderno Azul | Progressão Aritmética | MATEMÁTICA ENEM DIGITAL 2020,https://www.youtube.com/watch?v=fzi-_q2sUDE,Fácil,Progressão Aritmética,confirmado_transcricao_ia,xequemat enem,UCNXVflJrlyP4DXm5KqYOxmA
🟢 Questão 155 - Caderno Azul | Interpretação de Gráfico | MATEMÁTICA ENEM DIGITAL 2020,https://www.youtube.com/watch?v=zD2fYoBJi4A,Fácil,Matemática Básica,confirmado_transcricao_ia,xequemat enem,UCNXVflJrlyP4DXm5KqYOxmA
🟢 Questão 156 - Caderno Azul | Probabilidade | MATEMÁTICA ENEM DIGITAL 2020,https://www.youtube.com/watch?v=cX_BDQIJliM,Média,Probabilidade,confirmado_transcricao_ia,xequemat enem,UCNXVflJrlyP4DXm5KqYOxmA
🟢 Questão 157 - Caderno Azul | Função do 1º Grau | MATEMÁTICA ENEM DIGITAL 2020,https://www.youtube.com/watch?v=w4GdAZt3h-I,Média,Função de 1º Grau,confirmado_transcricao_ia,xequemat enem,UCNXVflJrlyP4DXm5KqYOxmA
🟢 Questão 158 - Caderno Azul | Lógica | MATEMÁTICA ENEM DIGITAL 2020,https://www.youtube.com/watch?v=08Uyl_AEA_M,Fácil,Matemática Básica,confirmado_transcricao_ia,xequemat enem,UCNXVflJrlyP4DXm5KqYOxmA
🟢 Questão 159 - Caderno Azul | Razão e Proporção | MATEMÁTICA ENEM DIGITAL 2020,https://www.youtube.com/watch?v=V9NQD2RJ3Ck,Fácil,Matemática Básica,confirmado_transcricao_ia,xequemat enem,UCNXVflJrlyP4DXm5KqYOxmA
🟢 Questão 160 - Caderno Azul | Razão e Proporção | MATEMÁTICA ENEM DIGITAL 2020,https://www.youtube.com/watch?v=pGIzO3yRhSM,Média,Razão e Proporção,confirmado_transcricao_ia,xequemat enem,UCNXVflJrlyP4DXm5KqYOxmA
🟢 Questão 161 - Caderno Azul | Porcentagem | MATEMÁTICA ENEM DIGITAL 2020,https://www.youtube.com/watch?v=3xjEsUG1PBU,Média,Matemática Básica,confirmado_transcricao_ia,xequemat enem,UCNXVflJrlyP4DXm5KqYOxmA
🟢 Questão 162 - Caderno Azul | Razão e Proporção | MATEMÁTICA ENEM DIGITAL 2020,https://www.youtube.com/watch?v=j0O0QkzddP4,Média,Razão e Proporção,confirmado_transcricao_ia,xequemat enem,UCNXVflJrlyP4DXm5KqYOxmA
🟢 Questão 163 - Caderno Azul | Sistemas de Equações | MATEMÁTICA ENEM DIGITAL 2020,https://www.youtube.com/watch?v=DNrEaose07I,Fácil,Sistema de Equações,confirmado_transcricao_ia,xequemat enem,UCNXVflJrlyP4DXm5KqYOxmA
🟢 Questão 164 - Caderno Azul |  Função do 2 Grau | MATEMÁTICA ENEM DIGITAL 2020,https://www.youtube.com/watch?v=645qtAh-txY,Difícil,Função do 2º Grau,confirmado_transcricao_ia,xequemat enem,UCNXVflJrlyP4DXm5KqYOxmA
🟢 Questão 165 - Caderno Azul | Geometria Plana | MATEMÁTICA ENEM DIGITAL 2020,https://www.youtube.com/watch?v=J3OQ8lZjKew,Média,Geometria Plana,confirmado_transcricao_ia,xequemat enem,UCNXVflJrlyP4DXm5KqYOxmA
🟢 Questão 166 - Caderno Azul | Progressão Aritmética | MATEMÁTICA ENEM DIGITAL 2020,https://www.youtube.com/watch?v=ryhPVCLGNLY,Difícil,Progressão Geométrica,confirmado_transcricao_ia,xequemat enem,UCNXVflJrlyP4DXm5KqYOxmA
🟢 Questão 167 - Caderno Azul | Razão e Proporção | MATEMÁTICA ENEM DIGITAL 2020,https://www.youtube.com/watch?v=giBNAchXsRE,Média,Razão e Proporção,confirmado_transcricao_ia,xequemat enem,UCNXVflJrlyP4DXm5KqYOxmA
🟢 Questão 168 - Caderno Azul | Sistemas de Equações | MATEMÁTICA ENEM DIGITAL 2020,https://www.youtube.com/watch?v=RwpC4EGVFvc,Média,Sistema de Equações,confirmado_transcricao_ia,xequemat enem,UCNXVflJrlyP4DXm5KqYOxmA
🟢 Questão 169 - Caderno Azul | Matemática Financeira | MATEMÁTICA ENEM DIGITAL 2020,https://www.youtube.com/watch?v=wLROOTOj28w,Média,Matemática Financeira,confirmado_transcricao_ia,xequemat enem,UCNXVflJrlyP4DXm5KqYOxmA
🟢 Questão 170 - Caderno Azul | Função do 1º Grau | MATEMÁTICA ENEM DIGITAL 2020,https://www.youtube.com/watch?v=hl3WZDeJX04,Fácil,Matemática Financeira,confirmado_transcricao_ia,xequemat enem,UCNXVflJrlyP4DXm5KqYOxmA
🟢 Questão 171 - Caderno Azul | Unidades de Medida  | MATEMÁTICA ENEM DIGITAL 2020,https://www.youtube.com/watch?v=WSgbGLU-hOc,Fácil,Função do 1º Grau,confirmado_transcricao_ia,xequemat enem,UCNXVflJrlyP4DXm5KqYOxmA
🟢 Questão 172 - Caderno Azul | Função de 2º Grau | MATEMÁTICA ENEM DIGITAL 2020,https://www.youtube.com/watch?v=2NpoqqOoesE,Fácil,Matemática Básica,confirmado_transcricao_ia,xequemat enem,UCNXVflJrlyP4DXm5KqYOxmA
🟢 Questão 173 - Caderno Azul | Interpretação de Gráfico | MATEMÁTICA ENEM DIGITAL 2020,https://www.youtube.com/watch?v=pPZj2nQZ2Xk,Média,Função do 2º Grau,confirmado_transcricao_ia,xequemat enem,UCNXVflJrlyP4DXm5KqYOxmA
🟢 Questão 174 - Caderno Azul | Análise Combinatória | MATEMÁTICA ENEM DIGITAL 2020,https://www.youtube.com/watch?v=lu9WHK9zK40,Fácil,Matemática Básica,confirmado_transcricao_ia,xequemat enem,UCNXVflJrlyP4DXm5KqYOxmA
🟢 Questão 175 - Caderno Azul | Matemática Financeira | MATEMÁTICA ENEM DIGITAL 2020,https://www.youtube.com/watch?v=TRFRZrSp5C8,Média/difícil,Análise Combinatória,confirmado_transcricao_ia,xequemat enem,UCNXVflJrlyP4DXm5KqYOxmA
🟢 Questão 176 - Caderno Azul | Unidades de Medida | MATEMÁTICA ENEM DIGITAL 2020,https://www.youtube.com/watch?v=W6gnjjX0Zds,Fácil,Matemática Financeira,confirmado_transcricao_ia,xequemat enem,UCNXVflJrlyP4DXm5KqYOxmA
🟢 Questão 177 - Caderno Azul | Porcentagem | MATEMÁTICA ENEM DIGITAL 2020,https://www.youtube.com/watch?v=esbS_BzH8Xs,Fácil,Matemática Básica,confirmado_transcricao_ia,xequemat enem,UCNXVflJrlyP4DXm5KqYOxmA
🟢 Questão 178 - Caderno Azul | Probabilidade | MATEMÁTICA ENEM DIGITAL 2020,https://www.youtube.com/watch?v=xQyvBTYtU6M,Fácil,Matemática Básica,confirmado_transcricao_ia,xequemat enem,UCNXVflJrlyP4DXm5KqYOxmA
🟢 Questão 179 - Caderno Azul | Geometria Plana | MATEMÁTICA ENEM DIGITAL 2020,https://www.youtube.com/watch?v=PPKbGKTPsIA,Média,Probabilidade,confirmado_transcricao_ia,xequemat enem,UCNXVflJrlyP4DXm5KqYOxmA
🟢 Questão 180 - Caderno Azul | Geometria Espacial | MATEMÁTICA ENEM DIGITAL 2020,https://www.youtube.com/watch?v=HnyqEIpxrM8,Média,Geometria Plana,confirmado_transcricao_ia,xequemat enem,UCNXVflJrlyP4DXm5KqYOxmA
🔘Questão 136 - Caderno Azul | Função de Segundo Grau | MATEMÁTICA ENEM 2022,https://www.youtube.com/watch?v=6ugKDKlW2ik,Média,Função do segundo grau,confirmado_transcricao_ia,xequemat enem,UCNXVflJrlyP4DXm5KqYOxmA
🔘Questão 138 - Caderno Azul | Mediana | MATEMÁTICA ENEM 2022,https://www.youtube.com/watch?v=oo-QcbRT0AY,Fácil,Mediana,confirmado_transcricao_ia,xequemat enem,UCNXVflJrlyP4DXm5KqYOxmA
🔘Questão 139 - Caderno Azul | Escala | MATEMÁTICA ENEM 2022,https://www.youtube.com/watch?v=22Ne1B87xic,Fácil,Escala,confirmado_transcricao_ia,xequemat enem,UCNXVflJrlyP4DXm5KqYOxmA
🔘Questão 140 - Caderno Azul | Lógica | MATEMÁTICA ENEM 2022,https://www.youtube.com/watch?v=9JcwFlinahs,Média,Análise combinatória,confirmado_transcricao_ia,xequemat enem,UCNXVflJrlyP4DXm5KqYOxmA
🔘Questão 141 - Caderno Azul | Análise Combinatória | MATEMÁTICA ENEM 2022,https://www.youtube.com/watch?v=RL9Kn9LN2Eo,Difícil,Probabilidade,confirmado_transcricao_ia,xequemat enem,UCNXVflJrlyP4DXm5KqYOxmA
🔘Questão 142 - Caderno Azul | Análise Combinatória | MATEMÁTICA ENEM 2022,https://www.youtube.com/watch?v=1NjacRIrR5s,Difícil,Análise combinatória,confirmado_transcricao_ia,xequemat enem,UCNXVflJrlyP4DXm5KqYOxmA
🔘Questão 143 - Caderno Azul | Geometria Espacial | MATEMÁTICA ENEM 2022,https://www.youtube.com/watch?v=kJN8JWKPz1Y,Média,Geometria plana,confirmado_transcricao_ia,xequemat enem,UCNXVflJrlyP4DXm5KqYOxmA
🔘Questão 144 - Caderno Azul | Lógica | MATEMÁTICA ENEM 2022,https://www.youtube.com/watch?v=ORjU64jj8mc,Média,Matemática básica,confirmado_transcricao_ia,xequemat enem,UCNXVflJrlyP4DXm5KqYOxmA
🔘Questão 145 - Caderno Azul | Razão e Proporção | MATEMÁTICA ENEM 2022,https://www.youtube.com/watch?v=KPnQFX5G2g8,Média,Razão e proporção,confirmado_transcricao_ia,xequemat enem,UCNXVflJrlyP4DXm5KqYOxmA
🔘Questão 146 - Caderno Azul | Sistemas de Equações | MATEMÁTICA ENEM 2022,https://www.youtube.com/watch?v=49fPFQzq6Z0,Média,Sistema de equações,confirmado_transcricao_ia,xequemat enem,UCNXVflJrlyP4DXm5KqYOxmA
🔘Questão 147 - Caderno Azul | Porcentagem e Razão e Proporção | MATEMÁTICA ENEM 2022,https://www.youtube.com/watch?v=GSWpRmNsfPQ,Fácil,Marketing digital,confirmado_transcricao_ia,xequemat enem,UCNXVflJrlyP4DXm5KqYOxmA
🔘Questão 148 - Caderno Azul | Razão e Proporção | MATEMÁTICA ENEM 2022,https://www.youtube.com/watch?v=bCV4t2SGs_k,Fácil,Matemática básica,confirmado_transcricao_ia,xequemat enem,UCNXVflJrlyP4DXm5KqYOxmA
🔘Questão 149 - Caderno Azul | Mediana | MATEMÁTICA ENEM 2022,https://www.youtube.com/watch?v=hNeZxrAhXbU,Fácil,Mediana,confirmado_transcricao_ia,xequemat enem,UCNXVflJrlyP4DXm5KqYOxmA
🔘Questão 150 - Caderno Azul | Função do Segundo Grau | MATEMÁTICA ENEM 2022,https://www.youtube.com/watch?v=6a1d3cz2GYU,Média,Função do segundo grau,confirmado_transcricao_ia,xequemat enem,UCNXVflJrlyP4DXm5KqYOxmA
🔘Questão 151 - Caderno Azul | Porcentagem | MATEMÁTICA ENEM 2022,https://www.youtube.com/watch?v=yCBEx2lumeM,Média,Razão e proporção,confirmado_transcricao_ia,xequemat enem,UCNXVflJrlyP4DXm5KqYOxmA
🔘Questão 152 - Caderno Azul | Geometria Plana | MATEMÁTICA ENEM 2022,https://www.youtube.com/watch?v=TmKGZRBwtmQ,Média,Razão e proporção,confirmado_transcricao_ia,xequemat enem,UCNXVflJrlyP4DXm5KqYOxmA
🔘Questão 153 - Caderno Azul | Geometria Espacial | MATEMÁTICA ENEM 2022,https://www.youtube.com/watch?v=rYJQUFLNQoU,Média,Geometria espacial (Cone),confirmado_transcricao_ia,xequemat enem,UCNXVflJrlyP4DXm5KqYOxmA
🔘Questão 154 - Caderno Azul | Porcentagem | MATEMÁTICA ENEM 2022,https://www.youtube.com/watch?v=ktyiQRcHUTM,Fácil,Fator de redução,confirmado_transcricao_ia,xequemat enem,UCNXVflJrlyP4DXm5KqYOxmA
🔘Questão 155 - Caderno Azul | Análise Combinatória | MATEMÁTICA ENEM 2022,https://www.youtube.com/watch?v=E7xJrzm8eQA,Difícil,Análise combinatória,confirmado_transcricao_ia,xequemat enem,UCNXVflJrlyP4DXm5KqYOxmA
🔘Questão 156 - Caderno Azul | Projeção | MATEMÁTICA ENEM 2022,https://www.youtube.com/watch?v=TCbK6xlTRLc,Média,Geometria espacial (Cubo),confirmado_transcricao_ia,xequemat enem,UCNXVflJrlyP4DXm5KqYOxmA
🔘Questão 158 - Caderno Azul | Função do Segundo Grau | MATEMÁTICA ENEM 2022,https://www.youtube.com/watch?v=sqnTtC9DGDE,Difícil,Matemática básica,confirmado_transcricao_ia,xequemat enem,UCNXVflJrlyP4DXm5KqYOxmA
🔘Questão 159 - Caderno Azul | Sequencias | MATEMÁTICA ENEM 2022,https://www.youtube.com/watch?v=y6X4oupwjec,Média,Matemática básica,confirmado_transcricao_ia,xequemat enem,UCNXVflJrlyP4DXm5KqYOxmA
🔘Questão 160 - Caderno Azul | Projeção Ortogonal | MATEMÁTICA ENEM 2022,https://www.youtube.com/watch?v=dF6YlYnLuzY,Difícil,Projeção ortogonal,confirmado_transcricao_ia,xequemat enem,UCNXVflJrlyP4DXm5KqYOxmA
🔘Questão 161 - Caderno Azul | Escala | MATEMÁTICA ENEM 2022,https://www.youtube.com/watch?v=nObeUz0unoE,Média,Matemática básica,confirmado_transcricao_ia,xequemat enem,UCNXVflJrlyP4DXm5KqYOxmA
🔘Questão 162 - Caderno Azul | Progressão Aritmética | MATEMÁTICA ENEM 2022,https://www.youtube.com/watch?v=2owzamg7mcE,Fácil,Matemática básica,confirmado_transcricao_ia,xequemat enem,UCNXVflJrlyP4DXm5KqYOxmA
🔘Questão 163 - Caderno Azul | Estatística | MATEMÁTICA ENEM 2022,https://www.youtube.com/watch?v=MlTcdUubf4o,Média,Média ponderada,confirmado_transcricao_ia,xequemat enem,UCNXVflJrlyP4DXm5KqYOxmA
🔘Questão 164 - Caderno Azul | Razão e Proporção | MATEMÁTICA ENEM 2022,https://www.youtube.com/watch?v=CgwilaHAQPI,Fácil,Matemática básica,confirmado_transcricao_ia,xequemat enem,UCNXVflJrlyP4DXm5KqYOxmA
🔘Questão 165 - Caderno Azul | Razão e proporção | MATEMÁTICA ENEM 2022,https://www.youtube.com/watch?v=cJSQdl1rmns,Média,Matemática básica,confirmado_transcricao_ia,xequemat enem,UCNXVflJrlyP4DXm5KqYOxmA
🔘Questão 166 - Caderno Azul | Interpretação de Gráfico | MATEMÁTICA ENEM 2022,https://www.youtube.com/watch?v=u3nbqODcc54,Fácil,Matemática básica,confirmado_transcricao_ia,xequemat enem,UCNXVflJrlyP4DXm5KqYOxmA
🔘Questão 167 - Caderno Azul | Porcentagem | MATEMÁTICA ENEM 2022,https://www.youtube.com/watch?v=wG69jAT9E3Q,Fácil,Porcentagem,confirmado_transcricao_ia,xequemat enem,UCNXVflJrlyP4DXm5KqYOxmA
🔘Questão 168 - Caderno Azul | Lógica | MATEMÁTICA ENEM 2022,https://www.youtube.com/watch?v=DZmCK5Kvj8I,Fácil,Lógica,confirmado_transcricao_ia,xequemat enem,UCNXVflJrlyP4DXm5KqYOxmA
🔘Questão 169 - Caderno Azul | Geometria Espacial | MATEMÁTICA ENEM 2022,https://www.youtube.com/watch?v=2muo_wZXCRs,Média,Geometria espacial,confirmado_transcricao_ia,xequemat enem,UCNXVflJrlyP4DXm5KqYOxmA
🔘Questão 170 - Caderno Azul | Razão | MATEMÁTICA ENEM 2022,https://www.youtube.com/watch?v=HskvD3jhMBo,Fácil,Razão e proporção,confirmado_transcricao_ia,xequemat enem,UCNXVflJrlyP4DXm5KqYOxmA
🔘Questão 171 - Caderno Azul | Média | MATEMÁTICA ENEM 2022,https://www.youtube.com/watch?v=IzLxMxeYTWk,Fácil,Média,confirmado_transcricao_ia,xequemat enem,UCNXVflJrlyP4DXm5KqYOxmA
🔘Questão 172 - Caderno Azul | Geometria Espacial | MATEMÁTICA ENEM 2022,https://www.youtube.com/watch?v=C6hKnfk4vrs,Média,Geometria espacial,confirmado_transcricao_ia,xequemat enem,UCNXVflJrlyP4DXm5KqYOxmA
🔘Questão 173 - Caderno Azul |  | MATEMÁTICA ENEM 2022,https://www.youtube.com/watch?v=EuWlmE5UdcA,Fácil,Matemática básica,confirmado_transcricao_ia,xequemat enem,UCNXVflJrlyP4DXm5KqYOxmA
🔘Questão 174 - Caderno Azul | Volume da Esfera e do Cilindro | MATEMÁTICA ENEM 2022,https://www.youtube.com/watch?v=h13TDAtTpFE,Média,Geometria espacial (Esfera),confirmado_transcricao_ia,xequemat enem,UCNXVflJrlyP4DXm5KqYOxmA
🔘Questão 175 - Caderno Azul | Unidade de medida | MATEMÁTICA ENEM 2022,https://www.youtube.com/watch?v=5QTXVRw0krc,Fácil,Matemática básica,confirmado_transcricao_ia,xequemat enem,UCNXVflJrlyP4DXm5KqYOxmA
🔘Questão 176 - Caderno Azul | Teorema de Pitágoras | MATEMÁTICA ENEM 2022,https://www.youtube.com/watch?v=BNMU0nLsiKA,Difícil,Matemática básica,confirmado_transcricao_ia,xequemat enem,UCNXVflJrlyP4DXm5KqYOxmA
🔘Questão 177 - Caderno Azul | Razão e Proporção | MATEMÁTICA ENEM 2022,https://www.youtube.com/watch?v=iphsuevbYlw,Fácil,Matemática básica,confirmado_transcricao_ia,xequemat enem,UCNXVflJrlyP4DXm5KqYOxmA
🔘Questão 178 - Caderno Azul | Geometria Espacial | MATEMÁTICA ENEM 2022,https://www.youtube.com/watch?v=1BIXRjetzzk,Média,Geometria espacial (Esfera),confirmado_transcricao_ia,xequemat enem,UCNXVflJrlyP4DXm5KqYOxmA
🔘Questão 179 - Caderno Azul | Proporção | MATEMÁTICA ENEM 2022,https://www.youtube.com/watch?v=s_fpLxDEeKI,Fácil,Média/Sequência,confirmado_transcricao_ia,xequemat enem,UCNXVflJrlyP4DXm5KqYOxmA
🔘Questão 180 - Caderno Azul | Projeção Ortogonal | MATEMÁTICA ENEM 2022,https://www.youtube.com/watch?v=bQYrnh8xKWg,Média,Projeção ortogonal,confirmado_transcricao_ia,xequemat enem,UCNXVflJrlyP4DXm5KqYOxmA
🔵 Questão 136 - Caderno Azul | Geometria Plana | MATEMÁTICA ENEM 2020,https://www.youtube.com/watch?v=q1GkqCrEgFg,Médio,Geometria Plana,confirmado_transcricao_ia,xequemat enem,UCNXVflJrlyP4DXm5KqYOxmA
🔵 Questão 137  - Caderno Azul | Razão e Proporção | MATEMÁTICA ENEM 2020,https://www.youtube.com/watch?v=1a33k8_dU0M,Fácil,Razão e Proporção,confirmado_transcricao_ia,xequemat enem,UCNXVflJrlyP4DXm5KqYOxmA
🔵 Questão 138  - Caderno Azul | Escala | MATEMÁTICA ENEM 2020,https://www.youtube.com/watch?v=HMdxuiFLaHk,Médio,Escala,confirmado_transcricao_ia,xequemat enem,UCNXVflJrlyP4DXm5KqYOxmA
🔵 Questão 139 - Caderno Azul | Razão e Proporção | MATEMÁTICA ENEM 2020,https://www.youtube.com/watch?v=jDF4bNA4P9s,Fácil,Razão e Proporção,confirmado_transcricao_ia,xequemat enem,UCNXVflJrlyP4DXm5KqYOxmA
🔵 Questão 140  - Caderno Azul | Geometria Plana | MATEMÁTICA ENEM 2020,https://www.youtube.com/watch?v=uDAKEmbasA4,Fácil,Geometria Plana,confirmado_transcricao_ia,xequemat enem,UCNXVflJrlyP4DXm5KqYOxmA
🔵 Questão 141  - Caderno Azul | Lógica | MATEMÁTICA ENEM 2020,https://www.youtube.com/watch?v=-JqQSMwUGAs,Difícil,Raciocínio Lógico,confirmado_transcricao_ia,xequemat enem,UCNXVflJrlyP4DXm5KqYOxmA
🔵 Questão 142  - Caderno Azul | Probabilidade | MATEMÁTICA ENEM 2020,https://www.youtube.com/watch?v=6ZxcVzuGQII,Fácil,Probabilidade,confirmado_transcricao_ia,xequemat enem,UCNXVflJrlyP4DXm5KqYOxmA
🔵 Questão 143  - Caderno Azul | Progressão Aritmética | MATEMÁTICA ENEM 2020,https://www.youtube.com/watch?v=KGtDKmC-gP8,Médio,Progressão Aritmética,confirmado_transcricao_ia,xequemat enem,UCNXVflJrlyP4DXm5KqYOxmA
🔵 Questão 144  - Caderno Azul | Razão e Proporção | MATEMÁTICA ENEM 2020,https://www.youtube.com/watch?v=oUQAQOfCRKI,Fácil,Matemática Básica,confirmado_transcricao_ia,xequemat enem,UCNXVflJrlyP4DXm5KqYOxmA
🔵 Questão 145  - Caderno Azul | Geometria espacial | MATEMÁTICA ENEM 2020,https://www.youtube.com/watch?v=EjFbbFx78qk,Médio,Geometria Espacial,confirmado_transcricao_ia,xequemat enem,UCNXVflJrlyP4DXm5KqYOxmA
🔵 Questão 146  - Caderno Azul | Sistema de Equações | MATEMÁTICA ENEM 2020,https://www.youtube.com/watch?v=dt2MGcYFza4,Difícil,Inequação e Módulo,confirmado_transcricao_ia,xequemat enem,UCNXVflJrlyP4DXm5KqYOxmA
🔵 Questão 147  - Caderno Azul | Razão e Proporção | MATEMÁTICA ENEM 2020,https://www.youtube.com/watch?v=7kJZKJpEt8w,Fácil,Razão e Proporção,confirmado_transcricao_ia,xequemat enem,UCNXVflJrlyP4DXm5KqYOxmA
🔵 Questão 148  - Caderno Azul | Porcentagem | MATEMÁTICA ENEM 2020,https://www.youtube.com/watch?v=46Y_MZu2nVQ,Fácil,Porcentagem,confirmado_transcricao_ia,xequemat enem,UCNXVflJrlyP4DXm5KqYOxmA
🔵 Questão 149  - Caderno Azul | Logaritmo | MATEMÁTICA ENEM 2020,https://www.youtube.com/watch?v=S8PuaI1J1lU,Difícil,Logaritmo,confirmado_transcricao_ia,xequemat enem,UCNXVflJrlyP4DXm5KqYOxmA
🔵 Questão 150  - Caderno Azul | Função Exponencial | MATEMÁTICA ENEM 2020,https://www.youtube.com/watch?v=4NIXYsf4rww,Médio,Função Exponencial,confirmado_transcricao_ia,xequemat enem,UCNXVflJrlyP4DXm5KqYOxmA
🔵 Questão 151  - Caderno Azul | Geometria Espacial | MATEMÁTICA ENEM 2020,https://www.youtube.com/watch?v=0_kyi96-Grk,Médio,Geometria Espacial,confirmado_transcricao_ia,xequemat enem,UCNXVflJrlyP4DXm5KqYOxmA
🔵 Questão 152  - Caderno Azul | Geometria Espacial | MATEMÁTICA ENEM 2020,https://www.youtube.com/watch?v=ku47Mpa-YQo,Médio,Geometria Espacial,confirmado_transcricao_ia,xequemat enem,UCNXVflJrlyP4DXm5KqYOxmA
🔵 Questão 153  - Caderno Azul | Razão e Proporção | MATEMÁTICA ENEM 2020,https://www.youtube.com/watch?v=a8yCE0f332s,Médio,Matemática Básica,confirmado_transcricao_ia,xequemat enem,UCNXVflJrlyP4DXm5KqYOxmA
🔵 Questão 154  - Caderno Azul | Unidades de Medida | MATEMÁTICA ENEM 2020,https://www.youtube.com/watch?v=3c_QAfIoIAQ,Fácil,Matemática Básica,confirmado_transcricao_ia,xequemat enem,UCNXVflJrlyP4DXm5KqYOxmA
🔵 Questão 155  - Caderno Azul | Lógica | MATEMÁTICA ENEM 2020,https://www.youtube.com/watch?v=HHfhcpArh7Q,Médio,Raciocínio Lógico,confirmado_transcricao_ia,xequemat enem,UCNXVflJrlyP4DXm5KqYOxmA
🔵 Questão 156 - Caderno Azul | Porcentagem | MATEMÁTICA ENEM 2020,https://www.youtube.com/watch?v=IT3lecfXnag,Fácil,Matemática Básica,confirmado_transcricao_ia,xequemat enem,UCNXVflJrlyP4DXm5KqYOxmA
🔵 Questão 157  - Caderno Azul | Probabilidade | MATEMÁTICA ENEM 2020,https://www.youtube.com/watch?v=pbf2RjbsmiU,Difícil,Anulada,confirmado_transcricao_ia,xequemat enem,UCNXVflJrlyP4DXm5KqYOxmA
🔵 Questão 158 - Caderno Azul | Análise Combinatória | MATEMÁTICA ENEM 2020,https://www.youtube.com/watch?v=8nqMU62ifDM,Difícil,Geometria,confirmado_transcricao_ia,xequemat enem,UCNXVflJrlyP4DXm5KqYOxmA
🔵 Questão 159 - Caderno Azul | Razão e Proporção | MATEMÁTICA ENEM 2020,https://www.youtube.com/watch?v=xqKg95Ol6zA,Fácil,Matemática Básica,confirmado_transcricao_ia,xequemat enem,UCNXVflJrlyP4DXm5KqYOxmA
🔵 Questão 160 - Caderno Azul | Razão e Proporção | MATEMÁTICA ENEM 2020,https://www.youtube.com/watch?v=h3D59IjzfJs,Médio,Razão e Proporção,confirmado_transcricao_ia,xequemat enem,UCNXVflJrlyP4DXm5KqYOxmA
🔵 Questão 161 - Caderno Azul | Geometria Espacial | MATEMÁTICA ENEM 2020,https://www.youtube.com/watch?v=c54CiSn6FBQ,Médio,Geometria Espacial,confirmado_transcricao_ia,xequemat enem,UCNXVflJrlyP4DXm5KqYOxmA
🔵 Questão 162 - Caderno Azul | Geometria Plana | MATEMÁTICA ENEM 2020,https://www.youtube.com/watch?v=WyeSsqCvv_Y,Médio,Geometria Plana,confirmado_transcricao_ia,xequemat enem,UCNXVflJrlyP4DXm5KqYOxmA
🔵 Questão 163 - Caderno Azul | Análise Combinatória | MATEMÁTICA ENEM 2020,https://www.youtube.com/watch?v=UvfyQuVLjek,Difícil,Análise Combinatória,confirmado_transcricao_ia,xequemat enem,UCNXVflJrlyP4DXm5KqYOxmA
🔵 Questão 164 - Caderno Azul | Interpretação de Gráfico | MATEMÁTICA ENEM 2020,https://www.youtube.com/watch?v=2Cqo64_L7cA,Fácil,Raciocínio Lógico,confirmado_transcricao_ia,xequemat enem,UCNXVflJrlyP4DXm5KqYOxmA
🔵 Questão 165 - Caderno Azul | Estatística | MATEMÁTICA ENEM 2020,https://www.youtube.com/watch?v=nluaaqhy98c,Difícil,Estatística,confirmado_transcricao_ia,xequemat enem,UCNXVflJrlyP4DXm5KqYOxmA
🔵 Questão 166 - Caderno Azul | Interpretação de Gráfico | MATEMÁTICA ENEM 2020,https://www.youtube.com/watch?v=LDwowcYlbqg,Fácil,Interpretação de Gráfico,confirmado_transcricao_ia,xequemat enem,UCNXVflJrlyP4DXm5KqYOxmA
🔵 Questão 167 - Caderno Azul | Porcentagem | MATEMÁTICA ENEM 2020,https://www.youtube.com/watch?v=dg6fHYwM0v4,Fácil,Porcentagem,confirmado_transcricao_ia,xequemat enem,UCNXVflJrlyP4DXm5KqYOxmA
🔵 Questão 168 - Caderno Azul | Geometria Espacial | MATEMÁTICA ENEM 2020,https://www.youtube.com/watch?v=PeBr8av4hF8,Médio,Geometria Espacial,confirmado_transcricao_ia,xequemat enem,UCNXVflJrlyP4DXm5KqYOxmA
🔵 Questão 169 - Caderno Azul | Conjunto | MATEMÁTICA ENEM 2020,https://www.youtube.com/watch?v=zcIF2GmKc00,Fácil,Conjuntos,confirmado_transcricao_ia,xequemat enem,UCNXVflJrlyP4DXm5KqYOxmA
🔵 Questão 170 - Caderno Azul | Razão e Proporção | MATEMÁTICA ENEM 2020,https://www.youtube.com/watch?v=mdXfNdFhvv0,Médio,Matemática Básica,confirmado_transcricao_ia,xequemat enem,UCNXVflJrlyP4DXm5KqYOxmA
🔵 Questão 171 - Caderno Azul | Geometria Plana | MATEMÁTICA ENEM 2020,https://www.youtube.com/watch?v=6FxU8991CGc,Médio,Geometria Plana,confirmado_transcricao_ia,xequemat enem,UCNXVflJrlyP4DXm5KqYOxmA
🔵 Questão 172 - Caderno Azul | Geometria Espacial | MATEMÁTICA ENEM 2020,https://www.youtube.com/watch?v=L0uwcaHpdcE,Médio,Geometria Espacial,confirmado_transcricao_ia,xequemat enem,UCNXVflJrlyP4DXm5KqYOxmA
🔵 Questão 173 - Caderno Azul | Trigonometria | MATEMÁTICA ENEM 2020,https://www.youtube.com/watch?v=jtyq646nbAg,Difícil,Geometria,confirmado_transcricao_ia,xequemat enem,UCNXVflJrlyP4DXm5KqYOxmA
🔵 Questão 174 - Caderno Azul | Geometria Plana | MATEMÁTICA ENEM 2020,https://www.youtube.com/watch?v=1cb6FTuSnDk,Médio,Matemática Básica,confirmado_transcricao_ia,xequemat enem,UCNXVflJrlyP4DXm5KqYOxmA
🔵 Questão 175 - Caderno Azul | Interpretação de Gráfico | MATEMÁTICA ENEM 2020,https://www.youtube.com/watch?v=DVgdU6y-lBc,Fácil,Interpretação de Gráfico,confirmado_transcricao_ia,xequemat enem,UCNXVflJrlyP4DXm5KqYOxmA
🔵 Questão 176 - Caderno Azul | Geometria Espacial | MATEMÁTICA ENEM 2020,https://www.youtube.com/watch?v=OwfdLQFSF6w,Fácil,Geometria Espacial,confirmado_transcricao_ia,xequemat enem,UCNXVflJrlyP4DXm5KqYOxmA
🔵 Questão 177 - Caderno Azul | Geometria Espacial | MATEMÁTICA ENEM 2020,https://www.youtube.com/watch?v=ZmwjjXalBCk,Fácil,Geometria Espacial,confirmado_transcricao_ia,xequemat enem,UCNXVflJrlyP4DXm5KqYOxmA
🔵 Questão 178 - Caderno Azul | Probabilidade | MATEMÁTICA ENEM 2020,https://www.youtube.com/watch?v=j72S9cv_K44,Médio,Probabilidade,confirmado_transcricao_ia,xequemat enem,UCNXVflJrlyP4DXm5KqYOxmA
🔵 Questão 179 - Caderno Azul | Razão e Proporção | MATEMÁTICA ENEM 2020,https://www.youtube.com/watch?v=LZMYyZZrev4,Fácil,Razão e Proporção,confirmado_transcricao_ia,xequemat enem,UCNXVflJrlyP4DXm5KqYOxmA
🔵 Questão 180 - Caderno Azul | Estatística | MATEMÁTICA ENEM 2020,https://www.youtube.com/watch?v=KEKAW0FeH5w,Médio,Média Ponderada,confirmado_transcricao_ia,xequemat enem,UCNXVflJrlyP4DXm5KqYOxmA
🟣 Questão 136 - Caderno Azul | Lógica | MATEMÁTICA ENEM 2021,https://www.youtube.com/watch?v=f5hQL44uZcw,Difícil,Lógica,confirmado,xequemat enem,UCNXVflJrlyP4DXm5KqYOxmA
🟣 Questão 137 - Caderno Azul |  Geometria Espacial | MATEMÁTICA ENEM 2021,https://www.youtube.com/watch?v=vQOg5SD6tcg,Difícil,Geometria Espacial,confirmado,xequemat enem,UCNXVflJrlyP4DXm5KqYOxmA
🟣 Questão 139 - Caderno Azul | Estatística | MATEMÁTICA ENEM 2021,https://www.youtube.com/watch?v=nQlCgbhSeGI,Fácil,Estatística,confirmado,xequemat enem,UCNXVflJrlyP4DXm5KqYOxmA
🟣 Questão 140 - Caderno Azul | Estatística | MATEMÁTICA ENEM 2021,https://www.youtube.com/watch?v=z1XVx1_BZ_w,Fácil,Estatística,confirmado,xequemat enem,UCNXVflJrlyP4DXm5KqYOxmA
🟣 Questão 141 - Caderno Azul | Sistemas de Equação | MATEMÁTICA ENEM 2021,https://www.youtube.com/watch?v=jT6dx3aOhME,Média,Sistemas de Equação,confirmado,xequemat enem,UCNXVflJrlyP4DXm5KqYOxmA
🟣 Questão 142 - Caderno Azul |  Probabilidade | MATEMÁTICA ENEM 2021,https://www.youtube.com/watch?v=FWVGMXBvhag,Difícil,Probabilidade,confirmado,xequemat enem,UCNXVflJrlyP4DXm5KqYOxmA
🟣 Questão 143 - Caderno Azul | Interpretação de gráfico | MATEMÁTICA ENEM 2021,https://www.youtube.com/watch?v=NMSxEr-g3Zs,Fácil,Interpretação de gráfico,confirmado,xequemat enem,UCNXVflJrlyP4DXm5KqYOxmA
🟣 Questão 144 - Caderno Azul | Estatística | MATEMÁTICA ENEM 2021,https://www.youtube.com/watch?v=gVcgVn0fkI8,Fácil,Estatística,confirmado,xequemat enem,UCNXVflJrlyP4DXm5KqYOxmA
🟣 Questão 145 - Caderno Azul | Estatística | MATEMÁTICA ENEM 2021,https://www.youtube.com/watch?v=tMMx9bi_Cjo,Difícil,Estatística,confirmado,xequemat enem,UCNXVflJrlyP4DXm5KqYOxmA
🟣 Questão 146 - Caderno Azul | Razão e Proporção | MATEMÁTICA ENEM 2021,https://www.youtube.com/watch?v=WLyV-wqVS7s,Média,Razão e Proporção,confirmado,xequemat enem,UCNXVflJrlyP4DXm5KqYOxmA
🟣 Questão 147 - Caderno Azul | Interpretação de gráfico | MATEMÁTICA ENEM 2021,https://www.youtube.com/watch?v=TCAa060fJ3g,Fácil,Interpretação de gráfico,confirmado,xequemat enem,UCNXVflJrlyP4DXm5KqYOxmA
🟣 Questão 148 - Caderno Azul | Estatística | MATEMÁTICA ENEM 2021,https://www.youtube.com/watch?v=X-x0KwbwmCU,Fácil,Estatística,confirmado,xequemat enem,UCNXVflJrlyP4DXm5KqYOxmA
🟣 Questão 149 - Caderno Azul | Interpretação de gráfico | MATEMÁTICA ENEM 2021,https://www.youtube.com/watch?v=u1dV0rc6qsE,Fácil,Interpretação de gráfico,confirmado,xequemat enem,UCNXVflJrlyP4DXm5KqYOxmA
🟣 Questão 150 - Caderno Azul | Porcentagem | MATEMÁTICA ENEM 2021,https://www.youtube.com/watch?v=KmCR8QvWpkY,Fácil,Porcentagem,confirmado,xequemat enem,UCNXVflJrlyP4DXm5KqYOxmA
🟣 Questão 151 - Caderno Azul | Interpretação de gráfico | MATEMÁTICA ENEM 2021,https://www.youtube.com/watch?v=kq6NLXidNV4,Média,Interpretação de gráfico,confirmado,xequemat enem,UCNXVflJrlyP4DXm5KqYOxmA
🟣 Questão 152 - Caderno Azul | Função do 2 Grau | MATEMÁTICA ENEM 2021,https://www.youtube.com/watch?v=0ttcaODDXtw,Difícil,Função do 2 Grau,confirmado,xequemat enem,UCNXVflJrlyP4DXm5KqYOxmA
🟣 Questão 153 - Caderno Azul | Escala | MATEMÁTICA ENEM 2021,https://www.youtube.com/watch?v=uc-OmAXdPCQ,Fácil,Escala,confirmado,xequemat enem,UCNXVflJrlyP4DXm5KqYOxmA
🟣 Questão 154 - Caderno Azul | Estatística | MATEMÁTICA ENEM 2021,https://www.youtube.com/watch?v=dahsBN7tT1Y,Fácil,Estatística,confirmado,xequemat enem,UCNXVflJrlyP4DXm5KqYOxmA
🟣 Questão 155 - Caderno Azul | Sistemas de Equação | MATEMÁTICA ENEM 2021,https://www.youtube.com/watch?v=IyaXxZSboaA,Média,Sistemas de Equação,confirmado,xequemat enem,UCNXVflJrlyP4DXm5KqYOxmA
🟣 Questão 156 - Caderno Azul | Trigonometria | MATEMÁTICA ENEM 2021,https://www.youtube.com/watch?v=kmwns_6XUSc,Difícil,Trigonometria,confirmado,xequemat enem,UCNXVflJrlyP4DXm5KqYOxmA
🟣 Questão 157 - Caderno Azul | Lógica | MATEMÁTICA ENEM 2021,https://www.youtube.com/watch?v=-0QJiqZB9o4,Média,Lógica,confirmado,xequemat enem,UCNXVflJrlyP4DXm5KqYOxmA
🟣 Questão 158 - Caderno Azul | Porcentagem | MATEMÁTICA ENEM 2021,https://www.youtube.com/watch?v=EXPPyUmC4GU,Média,Porcentagem,confirmado,xequemat enem,UCNXVflJrlyP4DXm5KqYOxmA
🟣 Questão 159 - Caderno Azul | Razão e proporção | MATEMÁTICA ENEM 2021,https://www.youtube.com/watch?v=EIKGOdn6tqo,Média,Razão e proporção,confirmado,xequemat enem,UCNXVflJrlyP4DXm5KqYOxmA
🟣 Questão 160 - Caderno Azul | Razão e proporção | MATEMÁTICA ENEM 2021,https://www.youtube.com/watch?v=lJnHvv_ay0w,Fácil,Razão e proporção,confirmado,xequemat enem,UCNXVflJrlyP4DXm5KqYOxmA
🟣 Questão 161 - Caderno Azul | Função do 2 Grau | MATEMÁTICA ENEM 2021,https://www.youtube.com/watch?v=L5Z7lXuv-qQ,Média,Função do 2 Grau,confirmado,xequemat enem,UCNXVflJrlyP4DXm5KqYOxmA
🟣 Questão 162 - Caderno Azul | Porcentagem | MATEMÁTICA ENEM 2021,https://www.youtube.com/watch?v=kkyqUgRX2ZM,Média,Porcentagem,confirmado,xequemat enem,UCNXVflJrlyP4DXm5KqYOxmA
🟣 Questão 163 - Caderno Azul | Unidade de medida | MATEMÁTICA ENEM 2021,https://www.youtube.com/watch?v=3qMfBOMWEAs,Fácil,Unidade de medida,confirmado,xequemat enem,UCNXVflJrlyP4DXm5KqYOxmA
🟣 Questão 164 - Caderno Azul | Sistemas de Equação | MATEMÁTICA ENEM 2021,https://www.youtube.com/watch?v=V_DfAA6s3rI,Difícil,Sistemas de Equação,confirmado,xequemat enem,UCNXVflJrlyP4DXm5KqYOxmA
🟣 Questão 165 - Caderno Azul | Razão e proporção | MATEMÁTICA ENEM 2021,https://www.youtube.com/watch?v=FkmpwRsBOWA,Média,Razão e proporção,confirmado,xequemat enem,UCNXVflJrlyP4DXm5KqYOxmA
🟣 Questão 166 - Caderno Azul | Geometria Espacial | MATEMÁTICA ENEM 2021,https://www.youtube.com/watch?v=gqVYVweDpYo,Média,Geometria Espacial,confirmado,xequemat enem,UCNXVflJrlyP4DXm5KqYOxmA
🟣 Questão 167 - Caderno Azul | Geometria Espacial | MATEMÁTICA ENEM 2021,https://www.youtube.com/watch?v=GTAhyUDMdzE,Média,Geometria Espacial,confirmado,xequemat enem,UCNXVflJrlyP4DXm5KqYOxmA
🟣 Questão 168 - Caderno Azul | Geometria Espacial | MATEMÁTICA ENEM 2021,https://www.youtube.com/watch?v=S7g9kTEAjhY,Difícil,Geometria Espacial,confirmado,xequemat enem,UCNXVflJrlyP4DXm5KqYOxmA
🟣 Questão 169 - Caderno Azul | Trigonometria | MATEMÁTICA ENEM 2021,https://www.youtube.com/watch?v=JIgqCcjRJLc,Média,Trigonometria,confirmado,xequemat enem,UCNXVflJrlyP4DXm5KqYOxmA
🟣 Questão 170 - Caderno Azul | Geometria Espacial | MATEMÁTICA ENEM 2021,https://www.youtube.com/watch?v=5aoI4154b0Q,Difícil,Geometria Espacial,confirmado,xequemat enem,UCNXVflJrlyP4DXm5KqYOxmA
🟣 Questão 171 - Caderno Azul | Geometria Plana | MATEMÁTICA ENEM 2021,https://www.youtube.com/watch?v=qVyLx1QIRKk,Média,Geometria Plana,confirmado,xequemat enem,UCNXVflJrlyP4DXm5KqYOxmA
🟣 Questão 172 - Caderno Azul | Porcentagem | MATEMÁTICA ENEM 2021,https://www.youtube.com/watch?v=hou9M7n857I,Fácil,Porcentagem,confirmado,xequemat enem,UCNXVflJrlyP4DXm5KqYOxmA
🟣 Questão 173 - Caderno Azul | Lógica | MATEMÁTICA ENEM 2021,https://www.youtube.com/watch?v=jcPDAuHE0FQ,Fácil,Lógica,confirmado,xequemat enem,UCNXVflJrlyP4DXm5KqYOxmA
🟣 Questão 174 - Caderno Azul | Sistemas de Equações | MATEMÁTICA ENEM 2021,https://www.youtube.com/watch?v=27iz1OIRMEA,Média,Sistemas de Equações,confirmado,xequemat enem,UCNXVflJrlyP4DXm5KqYOxmA
🟣 Questão 175 - Caderno Azul | Geometria Espacial | MATEMÁTICA ENEM 2021,https://www.youtube.com/watch?v=GIqatQvpwdE,Média,Geometria Espacial,confirmado,xequemat enem,UCNXVflJrlyP4DXm5KqYOxmA
🟣 Questão 176 - Caderno Azul | Lógica | MATEMÁTICA ENEM 2021,https://www.youtube.com/watch?v=mYel56eMZAg,Fácil,Lógica,confirmado,xequemat enem,UCNXVflJrlyP4DXm5KqYOxmA
🟣 Questão 177 - Caderno Azul | Lógica | MATEMÁTICA ENEM 2021,https://www.youtube.com/watch?v=edmut7pS2CU,Fácil,Lógica,confirmado,xequemat enem,UCNXVflJrlyP4DXm5KqYOxmA
🟣 Questão 178 - Caderno Azul | Geometria Plana | MATEMÁTICA ENEM 2021,https://www.youtube.com/watch?v=nMQNoI61-fY,Fácil,Geometria Plana,confirmado,xequemat enem,UCNXVflJrlyP4DXm5KqYOxmA
🟣 Questão 179 - Caderno Azul | Análise Combinatória | MATEMÁTICA ENEM 2021,https://www.youtube.com/watch?v=xwDDIdTBa6k,Difícil,Análise Combinatória,confirmado,xequemat enem,UCNXVflJrlyP4DXm5KqYOxmA
🟣 Questão 180 - Caderno Azul | Razão e proporção | MATEMÁTICA ENEM 2021,https://www.youtube.com/watch?v=--ED9chUf08,Fácil,Razão e proporção,confirmado,xequemat enem,UCNXVflJrlyP4DXm5KqYOxmA
Questão 136 - Caderno Azul | Geometria Espacial | MATEMÁTICA ENEM 2023,https://www.youtube.com/watch?v=QzbMgq3svAE,Difícil,Geometria Espacial,confirmado,xequemat enem,UCNXVflJrlyP4DXm5KqYOxmA
Questão 137 - Caderno Azul | Lógica | MATEMÁTICA ENEM 2023,https://www.youtube.com/watch?v=QR6mZiy5QwQ,Fácil,Lógica,confirmado,xequemat enem,UCNXVflJrlyP4DXm5KqYOxmA
Questão 138 - Caderno Azul | Probabilidade | MATEMÁTICA ENEM 2023,https://www.youtube.com/watch?v=9F9SRwlZzo8,Difícil,Probabilidade,confirmado,xequemat enem,UCNXVflJrlyP4DXm5KqYOxmA
Questão 139 - Caderno Azul | Lógica | MATEMÁTICA ENEM 2023,https://www.youtube.com/watch?v=aupQww3nXD4,Fácil,Lógica,confirmado,xequemat enem,UCNXVflJrlyP4DXm5KqYOxmA
Questão 140 - Caderno Azul | Estatística | MATEMÁTICA ENEM 2023,https://www.youtube.com/watch?v=71OBK3m_cCI,Difícil,Estatística,confirmado,xequemat enem,UCNXVflJrlyP4DXm5KqYOxmA
Questão 141 - Caderno Azul | Razão e Proporção | MATEMÁTICA ENEM 2023,https://www.youtube.com/watch?v=dSgQt0xtoFI,Fácil,Razão e Proporção,confirmado,xequemat enem,UCNXVflJrlyP4DXm5KqYOxmA
Questão 142 - Caderno Azul | Geometria Espacial | MATEMÁTICA ENEM 2023,https://www.youtube.com/watch?v=qxi1RVZ8-Z8,Médio,Geometria Espacial,confirmado,xequemat enem,UCNXVflJrlyP4DXm5KqYOxmA
Questão 143 - Caderno Azul | Porcentagem | MATEMÁTICA ENEM 2023,https://www.youtube.com/watch?v=FXNO-OZDNnc,Médio,Porcentagem,confirmado,xequemat enem,UCNXVflJrlyP4DXm5KqYOxmA
Questão 144 - Caderno Azul | Geometria Espacial | MATEMÁTICA ENEM 2023,https://www.youtube.com/watch?v=dQCfGpltR2k,Médio,Geometria Espacial,confirmado,xequemat enem,UCNXVflJrlyP4DXm5KqYOxmA
Questão 145 - Caderno Azul | Geometria Plana | MATEMÁTICA ENEM 2023,https://www.youtube.com/watch?v=i_vvV35L2sY,Médio,Geometria Plana,confirmado,xequemat enem,UCNXVflJrlyP4DXm5KqYOxmA
Questão 146 - Caderno Azul | Lógica | MATEMÁTICA ENEM 2023,https://www.youtube.com/watch?v=hq4UfYcYoOA,Médio,Lógica,confirmado,xequemat enem,UCNXVflJrlyP4DXm5KqYOxmA
Questão 147 - Caderno Azul | Razão e Proporção | MATEMÁTICA ENEM 2023,https://www.youtube.com/watch?v=A-pGvucSrh4,Fácil,Razão e Proporção,confirmado,xequemat enem,UCNXVflJrlyP4DXm5KqYOxmA
Questão 148 - Caderno Azul | Trigonometria | MATEMÁTICA ENEM 2023,https://www.youtube.com/watch?v=OFvUQ0qOqYY,Médio,Trigonometria,confirmado,xequemat enem,UCNXVflJrlyP4DXm5KqYOxmA
Questão 149 - Caderno Azul | Escala | MATEMÁTICA ENEM 2023,https://www.youtube.com/watch?v=S3jlOehoWIQ,Fácil,Escala,confirmado,xequemat enem,UCNXVflJrlyP4DXm5KqYOxmA
Questão 150 - Caderno Azul | Porcentagem | MATEMÁTICA ENEM 2023,https://www.youtube.com/watch?v=yI1KeCtTeSc,Fácil,Porcentagem,confirmado,xequemat enem,UCNXVflJrlyP4DXm5KqYOxmA
Questão 151 - Caderno Azul | Interpretação de Gráfico | MATEMÁTICA ENEM 2023,https://www.youtube.com/watch?v=ebJjMYxMDzc,Fácil,Interpretação de Gráfico,confirmado,xequemat enem,UCNXVflJrlyP4DXm5KqYOxmA
Questão 152 - Caderno Azul | Logaritmo | MATEMÁTICA ENEM 2023,https://www.youtube.com/watch?v=NzfLd35EobM,Difícil,Logaritmo,confirmado,xequemat enem,UCNXVflJrlyP4DXm5KqYOxmA
Questão 153 - Caderno Azul | Lógica | MATEMÁTICA ENEM 2023,https://www.youtube.com/watch?v=Egw7oaqek-M,Fácil,Lógica,confirmado,xequemat enem,UCNXVflJrlyP4DXm5KqYOxmA
Questão 154 - Caderno Azul | Geometria Plana | MATEMÁTICA ENEM 2023,https://www.youtube.com/watch?v=cdbqDHR8Vnc,Fácil,Geometria Plana,confirmado,xequemat enem,UCNXVflJrlyP4DXm5KqYOxmA
Questão 155 - Caderno Azul | Geometria plana | MATEMÁTICA ENEM 2023,https://www.youtube.com/watch?v=s5yWJiZAtv8,Fácil,Geometria plana,confirmado,xequemat enem,UCNXVflJrlyP4DXm5KqYOxmA
Questão 156 - Caderno Azul | Interpretação de Gráfico | MATEMÁTICA ENEM 2023,https://www.youtube.com/watch?v=seROUkrP86U,Fácil,Interpretação de Gráfico,confirmado,xequemat enem,UCNXVflJrlyP4DXm5KqYOxmA
Questão 157 - Caderno Azul | Porcentagem | MATEMÁTICA ENEM 2023,https://www.youtube.com/watch?v=d1qUV55nItw,Médio,Porcentagem,confirmado,xequemat enem,UCNXVflJrlyP4DXm5KqYOxmA
Questão 158 - Caderno Azul | Função de 1º Grau | MATEMÁTICA ENEM 2023,https://www.youtube.com/watch?v=P6PlJau6dY4,Difícil,Função de 1º Grau,confirmado,xequemat enem,UCNXVflJrlyP4DXm5KqYOxmA
Questão 159 - Caderno Azul | Função Exponencial | MATEMÁTICA ENEM 2023,https://www.youtube.com/watch?v=l_wio3HRH0s,Médio,Função Exponencial,confirmado,xequemat enem,UCNXVflJrlyP4DXm5KqYOxmA
Questão 160 - Caderno Azul | Probabilidade | MATEMÁTICA ENEM 2023,https://www.youtube.com/watch?v=0TprH6L0VoI,Difiícil,Probabilidade,confirmado,xequemat enem,UCNXVflJrlyP4DXm5KqYOxmA
Questão 161 - Caderno Azul | Função de 2º Grau | MATEMÁTICA ENEM 2023,https://www.youtube.com/watch?v=X0sd8Gcey9g,Difícil,Função de 2º Grau,confirmado,xequemat enem,UCNXVflJrlyP4DXm5KqYOxmA
Questão 162 - Caderno Azul | Função de 1º Grau | MATEMÁTICA ENEM 2023,https://www.youtube.com/watch?v=K6qZrdfArig,Fácil,Função de 1º Grau,confirmado,xequemat enem,UCNXVflJrlyP4DXm5KqYOxmA
Questão 163 - Caderno Azul | Geometria Plana | MATEMÁTICA ENEM 2023,https://www.youtube.com/watch?v=JevNV0UPF3s,Difícil,Geometria Plana,confirmado,xequemat enem,UCNXVflJrlyP4DXm5KqYOxmA
Questão 164 - Caderno Azul | Interpretação de Gráficos | MATEMÁTICA ENEM 2023,https://www.youtube.com/watch?v=4SpUavnkC3I,Fácil,Interpretação de Gráficos,confirmado,xequemat enem,UCNXVflJrlyP4DXm5KqYOxmA
Questão 165 - Caderno Azul | Geometria Plana | MATEMÁTICA ENEM 2023,https://www.youtube.com/watch?v=6Axz3AypJxg,Médio,Geometria Plana,confirmado,xequemat enem,UCNXVflJrlyP4DXm5KqYOxmA
Questão 166 - Caderno Azul | Lógica | MATEMÁTICA ENEM 2023,https://www.youtube.com/watch?v=2Ob9oug2-R0,Médio,Lógica,confirmado,xequemat enem,UCNXVflJrlyP4DXm5KqYOxmA
Questão 167 - Caderno Azul | Razão e Proporção | MATEMÁTICA ENEM 2023,https://www.youtube.com/watch?v=obeoGIwf0r8,Médio,Razão e Proporção,confirmado,xequemat enem,UCNXVflJrlyP4DXm5KqYOxmA
Questão 168 - Caderno Azul | Probabilidade | MATEMÁTICA ENEM 2023,https://www.youtube.com/watch?v=RXPvP54f9bE,Médio,Probabilidade,confirmado,xequemat enem,UCNXVflJrlyP4DXm5KqYOxmA
Questão 169 - Caderno Azul | Progressão Geométrica | MATEMÁTICA ENEM 2023,https://www.youtube.com/watch?v=WU5r-jCBAWc,Média,Progressão Geométrica,confirmado,xequemat enem,UCNXVflJrlyP4DXm5KqYOxmA
Questão 170 - Caderno Azul | Função de 2º grau | MATEMÁTICA ENEM 2023,https://www.youtube.com/watch?v=0OeGWJfS5Y8,Difícil,Função de 2º grau,confirmado,xequemat enem,UCNXVflJrlyP4DXm5KqYOxmA
Questão 171 - Caderno Azul | Razão e proporção | MATEMÁTICA ENEM 2023,https://www.youtube.com/watch?v=MUO821H_gAc,Médio,Razão e proporção,confirmado,xequemat enem,UCNXVflJrlyP4DXm5KqYOxmA
Questão 172 - Caderno Azul | Trigonometria | MATEMÁTICA ENEM 2023,https://www.youtube.com/watch?v=FnzYYCzxEpc,Fácil,Trigonometria,confirmado,xequemat enem,UCNXVflJrlyP4DXm5KqYOxmA
Questão 173 - Caderno Azul | Razão e Proporção | MATEMÁTICA ENEM 2023,https://www.youtube.com/watch?v=4VNNOLTYHNk,Fácil,Razão e Proporção,confirmado,xequemat enem,UCNXVflJrlyP4DXm5KqYOxmA
Questão 174 - Caderno Azul | Lógica | MATEMÁTICA ENEM 2023,https://www.youtube.com/watch?v=UQmW1PP7Goc,Fácil,Lógica,confirmado,xequemat enem,UCNXVflJrlyP4DXm5KqYOxmA
Questão 175 - Caderno Azul | Sistema de Equações | MATEMÁTICA ENEM 2023,https://www.youtube.com/watch?v=FKo9MSRI-A0,Difícil,Sistema de Equações,confirmado,xequemat enem,UCNXVflJrlyP4DXm5KqYOxmA
Questão 176 - Caderno Azul | Progressão Aritmética | MATEMÁTICA ENEM 2023,https://www.youtube.com/watch?v=uw8sbfgSLCc,Médio,Progressão Aritmética,confirmado,xequemat enem,UCNXVflJrlyP4DXm5KqYOxmA
Questão 177 - Caderno Azul | Interpretação de Gráfico | MATEMÁTICA ENEM 2023,https://www.youtube.com/watch?v=j9NIK5QMTPk,Difícil,Interpretação de Gráfico,confirmado,xequemat enem,UCNXVflJrlyP4DXm5KqYOxmA
Questão 178 - Caderno Azul | Função de 1° Grau | MATEMÁTICA ENEM 2023,https://www.youtube.com/watch?v=vjCHgREvxGk,Fácil,Função de 1° Grau,confirmado,xequemat enem,UCNXVflJrlyP4DXm5KqYOxmA
Questão 179 - Caderno Azul | Lógica | MATEMÁTICA ENEM 2023,https://www.youtube.com/watch?v=k354MzTErSk,Fácil,Lógica,confirmado,xequemat enem,UCNXVflJrlyP4DXm5KqYOxmA
Questão 180 - Caderno Azul | Estatística | MATEMÁTICA ENEM 2023,https://www.youtube.com/watch?v=ASVFZ_-IQcQ,Fáci,Estatística,confirmado,xequemat enem,UCNXVflJrlyP4DXm5KqYOxmA
Questão 137 - Caderno Azul | Estatística | MATEMÁTICA ENEM 2024,https://www.youtube.com/watch?v=J0gC3R4pzbs,Fácil,Estatística,inferido,xequemat enem,UCNXVflJrlyP4DXm5KqYOxmA
Questão 142 - Caderno Azul | Lógica | MATEMÁTICA ENEM 2024,https://www.youtube.com/watch?v=eQp9RphCXNo,Fácil,Lógica,inferido,xequemat enem,UCNXVflJrlyP4DXm5KqYOxmA
Questão 143 - Caderno Azul | Lógica | MATEMÁTICA ENEM 2024,https://www.youtube.com/watch?v=1PAdfCRRaaY,Fácil,Lógica,inferido,xequemat enem,UCNXVflJrlyP4DXm5KqYOxmA
Questão 144 - Caderno Azul | Geometria Espacial | MATEMÁTICA ENEM 2024,https://www.youtube.com/watch?v=uXUIFYVtovA,Difícil,Geometria Espacial,inferido,xequemat enem,UCNXVflJrlyP4DXm5KqYOxmA
Questão 147 - Caderno Azul | Lógica | MATEMÁTICA ENEM 2024,https://www.youtube.com/watch?v=0Tip2_tNBe0,Fácil,Lógica,inferido,xequemat enem,UCNXVflJrlyP4DXm5KqYOxmA
Questão 149 - Caderno Azul | Geometria Espacial | MATEMÁTICA ENEM 2024,https://www.youtube.com/watch?v=GecA1LZypVE,Difícil,Geometria Espacial,inferido,xequemat enem,UCNXVflJrlyP4DXm5KqYOxmA
Questão 154 - Caderno Azul | Estatística | MATEMÁTICA ENEM 2024,https://www.youtube.com/watch?v=qNFwwEl3ufI,Fácil,Estatística,inferido,xequemat enem,UCNXVflJrlyP4DXm5KqYOxmA
Questão 162 - Caderno Azul | Lógica | MATEMÁTICA ENEM 2024,https://www.youtube.com/watch?v=59ax9v5xlEU,Fácil,Lógica,inferido,xequemat enem,UCNXVflJrlyP4DXm5KqYOxmA
Questão 175 - Caderno Azul | Geometria Espacial | MATEMÁTICA ENEM 2024,https://www.youtube.com/watch?v=24tAmIZ5E8Y,Difícil,Geometria Espacial,inferido,xequemat enem,UCNXVflJrlyP4DXm5KqYOxmA
Questão 178 - Caderno Azul | Estatística | MATEMÁTICA ENEM 2024,https://www.youtube.com/watch?v=3gBnPuK5cl8,Fácil,Estatística,inferido,xequemat enem,UCNXVflJrlyP4DXm5KqYOxmA
ENEM 2025 Questão 137: Probabilidade Simples - Brasileiros nas Redes Sociais | Prof. Alisson Marques,https://www.youtube.com/watch?v=uMso_IAXx5Q,Média,Razão e Proporção,confirmado_transcricao_ia,Matemática Online Alisson Marques,UCxkrv0Mvgc5GTi8xj0DhSTQ
ENEM 2025 Questão 141: Raciocínio Lógico - Volume Descartado no Transporte de Combustível,https://www.youtube.com/watch?v=x9ohU5SbtU0,Fácil,Probabilidade,confirmado_transcricao_ia,Matemática Online Alisson Marques,UCxkrv0Mvgc5GTi8xj0DhSTQ
ENEM 2025 Questão 142: Mediana - TRUQUE para NÃO Ordenar Todos os Números! | Prof. Alisson Marques,https://www.youtube.com/watch?v=73Vf4WQBrmk,Fácil,Razão e Proporção,confirmado_transcricao_ia,Matemática Online Alisson Marques,UCxkrv0Mvgc5GTi8xj0DhSTQ
ENEM 2025 Questão 143: Multiplicação Simples - MENOR Quantidade de Sódio por Pacote | Matemática,https://www.youtube.com/watch?v=S0UgbbFMvx4,Fácil,Aritmética,confirmado_transcricao_ia,Matemática Online Alisson Marques,UCxkrv0Mvgc5GTi8xj0DhSTQ
ENEM 2025 Questão 146: Subtração Simples - Recorde de Usain Bolt nos 100m Rasos | Matemática,https://www.youtube.com/watch?v=f6fNUgnFQ94,Fácil,Lógica,confirmado_transcricao_ia,Matemática Online Alisson Marques,UCxkrv0Mvgc5GTi8xj0DhSTQ
ENEM 2025 Questão 149: Geometria Espacial - CÚPULA PENTAGONAL com Relação de Euler | Matemática,https://www.youtube.com/watch?v=9Hs1JdajumE,Média,Geometria Espacial,confirmado_transcricao_ia,Matemática Online Alisson Marques,UCxkrv0Mvgc5GTi8xj0DhSTQ
ENEM 2025 Questão 150: Regra de Três Composta - Produção de Tijolos Ecológicos | Matemática,https://www.youtube.com/watch?v=UCZ3KulhkBc,Média,Estatística,confirmado_transcricao_ia,Matemática Online Alisson Marques,UCxkrv0Mvgc5GTi8xj0DhSTQ
ENEM 2025 Questão 151: Código de Visitantes - Questão de CORAGEM! | Prof. Alisson Marques Matemática,https://www.youtube.com/watch?v=-uwTF3beJM4,Média,Funções,confirmado_transcricao_ia,Matemática Online Alisson Marques,UCxkrv0Mvgc5GTi8xj0DhSTQ
ENEM 2025 Questão 154: Estoque vs Demanda em Livraria - Interpretação de Gráficos | Matemática,https://www.youtube.com/watch?v=aZdQBj6qTiI,Fácil,Escala,confirmado_transcricao_ia,Matemática Online Alisson Marques,UCxkrv0Mvgc5GTi8xj0DhSTQ
ENEM 2025 Questão 155: Combinatória com Casais - Diretoria com Restrições | Prof. Alisson Marques,https://www.youtube.com/watch?v=xgk3lXeFfsg,Difícil,Estatística,confirmado_transcricao_ia,Matemática Online Alisson Marques,UCxkrv0Mvgc5GTi8xj0DhSTQ
ENEM 2025 Questão 156: Escala em Desenho na Areia - Conversão de Unidades | Prof. Alisson Marques,https://www.youtube.com/watch?v=whHk-o_BzzQ,Média,Aritmética,confirmado_transcricao_ia,Matemática Online Alisson Marques,UCxkrv0Mvgc5GTi8xj0DhSTQ
ENEM 2025 Questão 159: A MENOR Questão da Prova! Conversão de Volume | Prof. Alisson Marques,https://www.youtube.com/watch?v=UmOzRq1YM0U,Média,Funções,confirmado_transcricao_ia,Matemática Online Alisson Marques,UCxkrv0Mvgc5GTi8xj0DhSTQ
ENEM 2025 Questão 161: Localização no Bairro - Pontos Cardeais e Raciocínio Espacial | Matemática,https://www.youtube.com/watch?v=p6bHqNf5o5Y,Fácil,Unidades de Medida,confirmado_transcricao_ia,Matemática Online Alisson Marques,UCxkrv0Mvgc5GTi8xj0DhSTQ
ENEM 2025 Questão 164: Navegação com Bússola - Lei dos Cossenos | Prof. Alisson Marques Matemática,https://www.youtube.com/watch?v=zd9Yi-FAiz0,Difícil,Funções,confirmado_transcricao_ia,Matemática Online Alisson Marques,UCxkrv0Mvgc5GTi8xj0DhSTQ
ENEM 2025 Questão 170: Volume na Caixa de Descarga - Economia de Água | Matemática,https://www.youtube.com/watch?v=dvhuQAVK-jk,Fácil,Razão e Proporção,confirmado_transcricao_ia,Matemática Online Alisson Marques,UCxkrv0Mvgc5GTi8xj0DhSTQ
ENEM 2025 Questão 172: A QUESTÃO MAIS POLÊMICA! Logaritmo com Pegadinha | Matemática,https://www.youtube.com/watch?v=HI0RZIc89g0,Difícil,Probabilidade,confirmado_transcricao_ia,Matemática Online Alisson Marques,UCxkrv0Mvgc5GTi8xj0DhSTQ
ENEM 2025 Questão 173: Área de Túnel - Semicírculos e Economia | Matemática Prof. Alisson Marques,https://www.youtube.com/watch?v=dfII_s5mO4A,Fácil,Razão e Proporção,confirmado_transcricao_ia,Matemática Online Alisson Marques,UCxkrv0Mvgc5GTi8xj0DhSTQ
ENEM 2025 Questão 171: Embalagem de Tortas - Cilindro em Caixa Quadrada | Matemática Prof. Alisson,https://www.youtube.com/watch?v=vXxboTuWY44,Média,Geometria Espacial,confirmado_transcricao_ia,Matemática Online Alisson Marques,UCxkrv0Mvgc5GTi8xj0DhSTQ
ENEM 2025 Questão 179: UNIDADE DE MEDIDA - Luminância em 30 SEGUNDOS | Matemática,https://www.youtube.com/watch?v=h2aaihXdnl0,Difícil,Logaritmo,confirmado_transcricao_ia,Matemática Online Alisson Marques,UCxkrv0Mvgc5GTi8xj0DhSTQ
ENEM 2025 Questão 136: Divisão e Consumo - Escolhendo Cilindro de GNV Mais Barato | Matemática,https://www.youtube.com/watch?v=vBdQzBewVoI,Difícil,Geometria Espacial,confirmado_transcricao_ia,Matemática Online Alisson Marques,UCxkrv0Mvgc5GTi8xj0DhSTQ
ENEM 2025 Questão 138: Geometria Espacial 3D - Cubo em Movimento e Projeções nos Planos | Matemática,https://www.youtube.com/watch?v=cXvHdBCHfZY,Média,Lógica,confirmado_transcricao_ia,Matemática Online Alisson Marques,UCxkrv0Mvgc5GTi8xj0DhSTQ
ENEM 2025 Questão 139: Geometria com PEGADINHA - Ciclovia Circular e Patrulha Policial,https://www.youtube.com/watch?v=ZG2otaNrxcM,Fácil,Probabilidade,confirmado_transcricao_ia,Matemática Online Alisson Marques,UCxkrv0Mvgc5GTi8xj0DhSTQ
ENEM 2025 Questão 140: Porcentagem com Química - DOBROU a % mas a QUANTIDADE é a MESMA!,https://www.youtube.com/watch?v=_eH0_2Tj4wQ,Média,Geometria Espacial,confirmado_transcricao_ia,Matemática Online Alisson Marques,UCxkrv0Mvgc5GTi8xj0DhSTQ
ENEM 2025 Questão 144: Geometria Espacial - PINTURA de Poliedro com Faces Congruentes | Matemática,https://www.youtube.com/watch?v=seG-1HOq9As,Média,Geometria,confirmado_transcricao_ia,Matemática Online Alisson Marques,UCxkrv0Mvgc5GTi8xj0DhSTQ
NEM 2025 Questão 145: Interpretação de Gráfico - Meditação e Frequência Respiratória | Matemática,https://www.youtube.com/watch?v=sIDT-QEEudU,Fácil,Gráfico,confirmado_transcricao_ia,Matemática Online Alisson Marques,UCxkrv0Mvgc5GTi8xj0DhSTQ
ENEM 2025 Questão 147: Porcentagem com Gráficos - Escola de Idiomas e Estimativa | Matemática,https://www.youtube.com/watch?v=dZP4Va6FidQ,Difícil,Geometria,confirmado_transcricao_ia,Matemática Online Alisson Marques,UCxkrv0Mvgc5GTi8xj0DhSTQ
ENEM 2025 Questão 152: Probabilidade com Celulares - Todos Receberem o Próprio,https://www.youtube.com/watch?v=4O0LpnFtlps,Fácil,Gráfico,confirmado_transcricao_ia,Matemática Online Alisson Marques,UCxkrv0Mvgc5GTi8xj0DhSTQ
ENEM 2025 Questão 153: Jogo Digital - Mediatriz e Equidistância | Prof. Alisson Marques,https://www.youtube.com/watch?v=PwnVNn_eCuo,Fácil,Gráfico,confirmado_transcricao_ia,Matemática Online Alisson Marques,UCxkrv0Mvgc5GTi8xj0DhSTQ
ENEM 2025 Questão 157: QUESTÃO RELÂMPAGO! Razão e Proporção em 1 Minuto | Prof. Alisson Marques,https://www.youtube.com/watch?v=gmA19swn1so,Média,Análise Combinatória,confirmado_transcricao_ia,Matemática Online Alisson Marques,UCxkrv0Mvgc5GTi8xj0DhSTQ
ENEM 2025 Questão 158: Reajuste de Mensalidade - Custos e Lucro | Prof. Alisson Marques Matemática,https://www.youtube.com/watch?v=agP4VNQwcXg,Média,Escala,confirmado_transcricao_ia,Matemática Online Alisson Marques,UCxkrv0Mvgc5GTi8xj0DhSTQ
ENEM 2025 Questão 160: Função Tangente ASSUSTADORA - Estratégia SEM Estudar Tangente! | Matemática,https://www.youtube.com/watch?v=UhYmKrvpCTw,Difícil,Porcentagem,confirmado_transcricao_ia,Matemática Online Alisson Marques,UCxkrv0Mvgc5GTi8xj0DhSTQ
ENEM 2025 Questão 162: Produção de Plástico Reciclado - Redução de Custos | Prof. Alisson Marques,https://www.youtube.com/watch?v=ZuDblwendBQ,Média,Gráfico,confirmado_transcricao_ia,Matemática Online Alisson Marques,UCxkrv0Mvgc5GTi8xj0DhSTQ
ENEM 2025 Questão 163: Gráficos com Dados Incompletos - Raciocínio Lógico | Prof. Alisson Marques,https://www.youtube.com/watch?v=JD7WMNyUz-Q,Difícil,Trigonometria,confirmado_transcricao_ia,Matemática Online Alisson Marques,UCxkrv0Mvgc5GTi8xj0DhSTQ
ENEM 2025 Questão 166: Pace de Corrida - Média e Desvios | Prof. Alisson Marques Matemática,https://www.youtube.com/watch?v=pDWjAySFV_s,Média,Sistema de Equações,confirmado_transcricao_ia,Matemática Online Alisson Marques,UCxkrv0Mvgc5GTi8xj0DhSTQ
"ENEM 2025 Questão 165: Estatística Completa - Média, Mediana, Moda e Desvio Padrão | Matemática",https://www.youtube.com/watch?v=2PIm76A81yk,Média,Lógica,confirmado_transcricao_ia,Matemática Online Alisson Marques,UCxkrv0Mvgc5GTi8xj0DhSTQ
ENEM 2025 Questão 167: Gasto com Combustível - GNV vs Gasolina | Prof. Alisson Marques Matemática,https://www.youtube.com/watch?v=30t04dAld3U,Média,Geometria Plana,confirmado_transcricao_ia,Matemática Online Alisson Marques,UCxkrv0Mvgc5GTi8xj0DhSTQ
ENEM 2025 Questão 168: Menor Custo em Autoescola - Comparação de Preços | Prof. Alisson Marques,https://www.youtube.com/watch?v=3gq_hNogi_c,Difícil,Sistema de Equações,confirmado_transcricao_ia,Matemática Online Alisson Marques,UCxkrv0Mvgc5GTi8xj0DhSTQ
ENEM 2025 Questão 169: Produção de Soja - Gráficos e Conversões | Prof. Alisson Marques Matemática,https://www.youtube.com/watch?v=NCrWxEJya60,Média,Análise Combinatória,confirmado_transcricao_ia,Matemática Online Alisson Marques,UCxkrv0Mvgc5GTi8xj0DhSTQ
ENEM 2025 Questão 174 (ANULADA): Equação com Parcelas - Financiamento de Carro | Matemática,https://www.youtube.com/watch?v=wFyZXhpLd5U,Média,Álgebra,confirmado_transcricao_ia,Matemática Online Alisson Marques,UCxkrv0Mvgc5GTi8xj0DhSTQ
ENEM 2025 Questão 175: Combinatória - Distribuindo Presentes Entre Filhos | Matemática,https://www.youtube.com/watch?v=EjK2FWqK_D4,Média,Gráfico,confirmado_transcricao_ia,Matemática Online Alisson Marques,UCxkrv0Mvgc5GTi8xj0DhSTQ
ENEM 2025 Questão 176: Velocidade Média no Futebol - Distância Percorrida | Prof. Alisson Marques,https://www.youtube.com/watch?v=jpiN1NWUqWo,Média,Aritmética,confirmado_transcricao_ia,Matemática Online Alisson Marques,UCxkrv0Mvgc5GTi8xj0DhSTQ
ENEM 2025 Questão 177: Volume de Ouro em Medalha - Cilindro e Prisma | Matemática Prof. Alisson,https://www.youtube.com/watch?v=VtONk4Mdb2E,Média,Volume,confirmado_transcricao_ia,Matemática Online Alisson Marques,UCxkrv0Mvgc5GTi8xj0DhSTQ
ENEM 2025 Questão 178: Probabilidade com Dados - Quem Tem Maior Chance de Ganhar? | Matemática,https://www.youtube.com/watch?v=1V7yzNopY_I,Média,Geometria Espacial,confirmado_transcricao_ia,Matemática Online Alisson Marques,UCxkrv0Mvgc5GTi8xj0DhSTQ
ENEM 2025 Questão 180: PROGRESSÃO ARITMÉTICA - Jogo das Moedas RESOLVIDO | Matemática,https://www.youtube.com/watch?v=zEDd4-mfje0,Média,Gráfico,confirmado_transcricao_ia,Matemática Online Alisson Marques,UCxkrv0Mvgc5GTi8xj0DhSTQ
